{"inputs": {"mean": [2.540723187394178e-07, 1.6002943539206171e-06, 2.6289260404155357e-06, 1.5470114931304124e-06, -2.8857077722932445e-06, 1.4473692999672494e-06, -4.021808308607433e-07, -7.908151360425109e-07, 4.420376626512734e-06, 2.296886123076547e-06, -2.1698499494959833e-06, -4.918286322208587e-06, 4.008562882518163e-06, -2.4308460524480324e-06, -1.8074055105898879e-06, -3.768940075588034e-07, -1.0837208463954084e-07, 2.1722580640926026e-06, 3.5564105473895324e-06, 2.3871962184784934e-06, 5.174767011340009e-06], "std": [0.9999752044677734, 0.9999807476997375, 0.9999925494194031, 0.9999828338623047, 0.9999755024909973, 0.9999681115150452, 0.9999707937240601, 0.9999474287033081, 0.999966561794281, 0.9999663829803467, 0.9999868273735046, 0.9999737739562988, 0.9999819397926331, 0.9999861121177673, 0.9999803900718689, 0.9999731779098511, 0.9999557137489319, 0.9999729990959167, 0.9999377727508545, 0.999984085559845, 0.9999712109565735]}, "labels": {"sum": [51899884.0, 51902428.0, 51900988.0, 51901012.0, 51901048.0, 51899240.0, 51900056.0, 51897032.0, 51901920.0, 51900516.0, 51900924.0, 51901240.0, 51901272.0, 51900040.0, 51897480.0, 51901072.0, 51899200.0, 51897512.0, 51899568.0, 51901672.0, 51900680.0]}, "smalllabels": {"sum": [6488064.0, 6488064.0, 6488064.0, 6488064.0, 6488064.0, 6488064.0, 6488064.0, 6488064.0, 6488064.0, 6488064.0, 6488064.0, 6488064.0, 6488064.0, 6488064.0, 6488064.0, 6488064.0, 6488064.0, 6488064.0, 6488064.0, 6488064.0, 6488064.0]}, "total": {"labels_sum": 1089904784.0, "smalllabels_sum": 136249344.0, "inputs_mean": 7.430368244497134e-07, "inputs_std": 0.9999728628567287}}