{"original": {"background": 0.9936894178390503, "spleen": 0.39726027846336365, "right kidney": 0.6143791079521179, "left kidney": 0.31343284249305725, "gallbladder": 1.0, "esophagus": 0.6363636255264282, "liver": 0.8132911324501038, "stomach": 0.29347825050354004, "aorta": 0.7594936490058899, "inferior vena cava": 0.4406779706478119, "portal vein and splenic vein": 0.3076923191547394, "pancreas": 0.07999999821186066, "right adrenal gland": 0.0, "left adrenal gland": 0.0}, "small": {}, "meanDice": 0.4749827565891402, "epoch": 999, "memory": "(968.61952, 'MB')", "training_time": 4153.246005773544}